id,grupo,etiqueta,palabras,binoculars,perplejidad
tesis-112597,tesis,humano,193,1.0323,10.087
tesis-135359,tesis,humano,210,1.0023,14.387
tesis-131929,tesis,humano,208,1.0899,18.162
tesis-177706,tesis,humano,215,0.9693,11.445
tesis-146919,tesis,humano,162,1.0563,22.241
tesis-151568,tesis,humano,147,0.8893,8.542
tesis-180477,tesis,humano,212,1.0454,14.485
tesis-152733,tesis,humano,196,0.9635,19.264
tesis-111897,tesis,humano,217,0.9997,15.494
tesis-170194,tesis,humano,129,1.0487,18.751
tesis-146284,tesis,humano,214,0.9377,12.602
tesis-159570,tesis,humano,217,0.9551,13.756
tesis-137416,tesis,humano,200,1.0251,13.57
tesis-169955,tesis,humano,185,1.0026,12.405
tesis-151535,tesis,humano,216,0.9463,13.347
tesis-114305,tesis,humano,214,1.0565,16.85
tesis-136306,tesis,humano,198,0.9189,9.139
tesis-133241,tesis,humano,193,0.9243,8.291
tesis-137595,tesis,humano,214,1.0176,12.643
tesis-107871,tesis,humano,156,1.058,13.589
tesis-133872,tesis,humano,215,1.0503,24.809
tesis-108700,tesis,humano,149,1.0415,24.533
tesis-152396,tesis,humano,209,0.9351,15.422
tesis-114473,tesis,humano,145,1.0033,18.973
tesis-143778,tesis,humano,154,0.9745,14.415
tesis-139857,tesis,humano,124,1.0048,23.862
tesis-175220,tesis,humano,205,0.9743,11.473
tesis-111999,tesis,humano,177,1.0026,11.108
tesis-176186,tesis,humano,191,1.0205,13.946
tesis-159555,tesis,humano,211,0.9724,16.753
tesis-514,tesis,humano,199,1.0808,21.408
tesis-115488,tesis,humano,182,1.0063,15.594
tesis-171543,tesis,humano,217,1.0732,17.622
tesis-180657,tesis,humano,170,0.9362,12.465
tesis-115562,tesis,humano,206,0.9539,11.077
tesis-130334,tesis,humano,194,1.0484,16.835
tesis-181187,tesis,humano,200,0.8779,11.718
tesis-167823,tesis,humano,150,1.0121,16.159
tesis-137437,tesis,humano,219,0.9582,13.706
tesis-140958,tesis,humano,220,0.923,9.664
tesis-111333,tesis_extra,humano,211,0.9665,17.57
tesis-148794,tesis_extra,humano,191,0.9773,11.088
tesis-168287,tesis_extra,humano,161,0.9235,6.38
tesis-173238,tesis_extra,humano,200,1.0513,12.184
tesis-175396,tesis_extra,humano,190,0.9551,13.512
tesis-134755,tesis_extra,humano,210,1.0017,14.554
tesis-143517,tesis_extra,humano,206,1.044,16.123
tesis-170801,tesis_extra,humano,220,0.9836,10.002
tesis-185511,tesis_extra,humano,190,0.9452,9.781
tesis-177240,tesis_extra,humano,190,0.9089,12.996
tesis-148656,tesis_extra,humano,208,0.9616,10.394
tesis-136736,tesis_extra,humano,168,1.0485,24.783
tesis-170954,tesis_extra,humano,155,0.9442,13.608
tesis-136446,tesis_extra,humano,203,0.9785,13.68
tesis-179624,tesis_extra,humano,186,0.9873,18.024
tesis-181679,tesis_extra,humano,217,0.8828,7.61
tesis-147653,tesis_extra,humano,197,0.977,10.356
tesis-147378,tesis_extra,humano,212,0.9513,8.306
tesis-170470,tesis_extra,humano,204,0.9594,16.057
tesis-149079,tesis_extra,humano,195,0.8654,9.191
tesis-171502,tesis_extra,humano,204,1.0142,12.475
tesis-174974,tesis_extra,humano,214,0.9779,20.393
tesis-152148,tesis_extra,humano,206,0.937,6.852
tesis-146043,tesis_extra,humano,217,0.9928,14.011
tesis-177704,tesis_extra,humano,135,0.9768,11.271
tesis-152257,tesis_extra,humano,155,0.9607,11.668
tesis-167910,tesis_extra,humano,189,1.0889,21.356
tesis-189353,tesis_extra,humano,139,1.0063,20.9
tesis-112556,tesis_extra,humano,189,0.88,9.833
tesis-135484,tesis_extra,humano,158,0.912,12.631
tesis-172715,tesis_extra,humano,183,1.0621,18.162
tesis-505,tesis_extra,humano,199,0.9263,10.376
tesis-175721,tesis_extra,humano,216,0.9934,9.224
tesis-138954,tesis_extra,humano,220,0.9865,11.675
tesis-148805,tesis_extra,humano,152,0.9537,20.699
tesis-181336,tesis_extra,humano,212,1.0249,11.937
tesis-134299,tesis_extra,humano,122,1.0796,17.444
tesis-132061,tesis_extra,humano,210,0.9753,12.115
tesis-146203,tesis_extra,humano,123,0.9922,13.805
tesis-188800,tesis_extra,humano,218,0.9605,14.66
tesis-168173,tesis_extra,humano,208,0.9285,11.802
tesis-139715,tesis_extra,humano,204,1.0051,12.121
tesis-116337,tesis_extra,humano,213,0.9877,15.752
tesis-179127,tesis_extra,humano,208,0.9686,14.163
tesis-136390,tesis_extra,humano,199,0.9612,13.926
tesis-148465,tesis_extra,humano,199,1.0235,14.758
tesis-112522,tesis_extra,humano,198,1.0779,17.608
tesis-112345,tesis_extra,humano,202,0.9971,15.296
tesis-180709,tesis_extra,humano,189,0.9129,11.136
tesis-145982,tesis_extra,humano,213,0.9947,13.48
tesis-130592,tesis_extra,humano,214,0.9579,11.488
tesis-189637,tesis_extra,humano,186,1.0462,13.283
tesis-115388,tesis_extra,humano,205,0.9816,16.304
tesis-179382,tesis_extra,humano,189,1.0701,17.002
tesis-112020,tesis_extra,humano,185,1.0261,16.933
tesis-175722,tesis_extra,humano,215,0.9341,10.409
tesis-151427,tesis_extra,humano,210,0.9917,15.495
tesis-145882,tesis_extra,humano,205,1.0087,12.249
tesis-152198,tesis_extra,humano,169,0.9542,10.712
tesis-171767,tesis_extra,humano,183,0.9496,10.275
tesis-177203,tesis_extra,humano,216,1.0396,15.038
tesis-151498,tesis_extra,humano,220,0.948,11.516
tesis-175936,tesis_extra,humano,214,0.9786,10.754
tesis-171030,tesis_extra,humano,204,1.0111,12.181
tesis-173048,tesis_extra,humano,187,0.976,20.447
tesis-112054,tesis_extra,humano,196,1.0296,15.29
tesis-173122,tesis_extra,humano,167,0.9389,9.593
tesis-112256,tesis_extra,humano,193,1.0685,22.486
tesis-151073,tesis_extra,humano,194,1.0356,13.839
tesis-187763,tesis_extra,humano,217,1.0061,13.873
tesis-144454,tesis_extra,humano,212,0.9588,13.505
tesis-117618,tesis_extra,humano,190,1.0307,13.12
tesis-106729,tesis_extra,humano,185,0.9726,11.519
tesis-151547,tesis_extra,humano,198,0.9438,9.324
tesis-173544,tesis_extra,humano,161,0.9456,11.401
tesis-112848,tesis_extra,humano,196,0.9501,11.542
tesis-130094,tesis_extra,humano,203,0.9597,12.318
tesis-141322,tesis_extra,humano,185,1.0003,12.099
tesis-116231,tesis_extra,humano,219,1.0055,14.696
tesis-115935,tesis_extra,humano,220,0.8954,9.886
tesis-106720,tesis_extra,humano,200,0.9026,8.248
tesis-113893,tesis_extra,humano,211,0.9119,9.297
tesis-116618,tesis_extra,humano,159,1.0446,31.455
tesis-102082,tesis_extra,humano,215,1.0031,12.531
tesis-150383,tesis_extra,humano,167,0.8935,8.876
tesis-168375,tesis_extra,humano,194,0.9324,9.555
tesis-143108,tesis_extra,humano,172,0.9208,8.347
tesis-146128,tesis_extra,humano,206,0.9471,14.079
tesis-130088,tesis_extra,humano,213,1.0122,14.397
tesis-106759,tesis_extra,humano,202,0.9958,10.994
tesis-114918,tesis_extra,humano,191,0.9731,12.913
tesis-181585,tesis_extra,humano,220,0.9144,16.162
tesis-151205,tesis_extra,humano,204,0.9572,15.973
tesis-113079,tesis_extra,humano,182,0.8964,8.345
tesis-178106,tesis_extra,humano,189,1.047,16.27
tesis-147457,tesis_extra,humano,199,1.044,14.702
tesis-159551,tesis_extra,humano,216,0.9668,11.669
tesis-152709,tesis_extra,humano,201,1.0353,18.46
tesis-114205,tesis_extra,humano,216,0.9725,14.389
tesis-102784,tesis_extra,humano,217,0.9945,14.494
tesis-148992,tesis_extra,humano,219,0.9159,11.712
tesis-115473,tesis_extra,humano,208,0.9938,15.586
tesis-114830,tesis_extra,humano,193,0.9569,17.759
tesis-111581,tesis_extra,humano,131,0.9367,13.813
tesis-168127,tesis_extra,humano,211,0.9506,16.276
tesis-114456,tesis_extra,humano,201,0.9321,10.283
tesis-117028,tesis_extra,humano,213,0.9069,15.395
tesis-137433,tesis_extra,humano,208,0.9578,12.005
tesis-114032,tesis_extra,humano,214,1.0586,20.753
tesis-136181,tesis_extra,humano,208,0.9769,12.942
tesis-132757,tesis_extra,humano,193,0.9785,11.973
tesis-173091,tesis_extra,humano,217,0.9827,15.004
tesis-178848,tesis_extra,humano,210,1.0171,13.934
tesis-137390,tesis_extra,humano,219,0.9329,14.08
tesis-115597,tesis_extra,humano,171,0.9782,15.201
tesis-177342,tesis_extra,humano,190,0.9581,15.359
tesis-139918,tesis_extra,humano,210,0.9825,15.07
tesis-146439,tesis_extra,humano,174,1.0164,18.075
tesis-137727,tesis_extra,humano,165,0.8695,7.056
tesis-115536,tesis_extra,humano,193,0.9079,11.77
tesis-141401,tesis_extra,humano,148,0.9514,13.505
tesis-159559,tesis_extra,humano,191,0.8974,8.383
tesis-169891,tesis_extra,humano,207,1.0024,16.2
tesis-116790,tesis_extra,humano,203,1.0063,16.357
tesis-176549,tesis_extra,humano,192,1.0052,15.115
tesis-110837,tesis_extra,humano,208,0.9872,13.246
tesis-102525,tesis_extra,humano,197,1.0045,16.268
tesis-144106,tesis_extra,humano,196,0.9118,11.787
tesis-138429,tesis_extra,humano,216,0.9283,11.568
tesis-140066,tesis_extra,humano,190,0.9971,12.594
tesis-135090,tesis_extra,humano,184,0.9384,18.727
tesis-181495,tesis_extra,humano,175,0.982,12.815
tesis-117076,tesis_extra,humano,130,1.0942,17.892
tesis-134127,tesis_extra,humano,198,0.9997,15.157
tesis-113153,tesis_extra,humano,194,0.9975,17.855
tesis-168388,tesis_extra,humano,172,0.9961,17.127
tesis-129735,tesis_extra,humano,194,0.9498,11.26
tesis-142749,tesis_extra,humano,200,0.974,16.718
tesis-147103,tesis_extra,humano,206,0.9567,18.634
tesis-112579,tesis_extra,humano,163,0.9973,14.008
tesis-176991,tesis_extra,humano,188,0.9489,11.242
tesis-143476,tesis_extra,humano,204,1.0268,16.288
tesis-135252,tesis_extra,humano,205,0.9969,14.516
tesis-140485,tesis_extra,humano,191,1.0239,10.965
tesis-177854,tesis_extra,humano,204,0.8634,10.97
tesis-172735,tesis_extra,humano,184,1.0024,13.881
tesis-172954,tesis_extra,humano,207,1.0036,14.209
tesis-144186,tesis_extra,humano,181,0.8981,12.12
tesis-138497,tesis_extra,humano,203,0.9494,11.433
tesis-176293,tesis_extra,humano,200,0.9612,12.885
tesis-173794,tesis_extra,humano,196,0.9206,12.915
tesis-130326,tesis_extra,humano,182,0.9433,15.742
tesis-114840,tesis_extra,humano,200,0.9974,15.221
tesis-172659,tesis_extra,humano,199,0.9741,12.836
tesis-181874,tesis_extra,humano,176,1.0795,23.889
tesis-138165,tesis_extra,humano,188,1.0384,12.196
tesis-180475,tesis_extra,humano,185,0.9672,11.481
tesis-178603,tesis_extra,humano,159,0.9602,13.273
tesis-114680,tesis_extra,humano,184,0.8788,11.975
tesis-177296,tesis_extra,humano,210,0.9225,10.811
tesis-130185,tesis_extra,humano,180,1.0217,13.666
tesis-176833,tesis_extra,humano,193,1.064,23.083
tesis-181398,tesis_extra,humano,183,0.9836,13.826
tesis-143480,tesis_extra,humano,163,0.9968,9.859
tesis-135437,tesis_extra,humano,202,0.9224,12.216
tesis-181749,tesis_extra,humano,184,0.9632,11.116
tesis-131502,tesis_extra,humano,179,1.0347,17.667
tesis-147788,tesis_extra,humano,219,1.001,13.673
tesis-170570,tesis_extra,humano,218,1.0189,10.796
tesis-168401,tesis_extra,humano,159,1.021,14.411
tesis-116611,tesis_extra,humano,208,0.9294,9.423
tesis-147202,tesis_extra,humano,128,1.0053,13.712
tesis-130226,tesis_extra,humano,213,0.9953,13.632
tesis-151973,tesis_extra,humano,196,1.0482,15.891
tesis-151792,tesis_extra,humano,218,1.0235,11.15
tesis-105926,tesis_extra,humano,215,0.9505,12.26
tesis-114038,tesis_extra,humano,184,0.9649,10.782
tesis-139927,tesis_extra,humano,205,1.0096,15.204
tesis-170706,tesis_extra,humano,202,0.9338,8.994
tesis-142266,tesis_extra,humano,199,1.0279,18.183
tesis-114373,tesis_extra,humano,202,0.9998,13.689
tesis-182073,tesis_extra,humano,202,0.9691,11.116
tesis-170272,tesis_extra,humano,194,1.0008,13.514
tesis-152143,tesis_extra,humano,203,0.9377,12.556
tesis-144720,tesis_extra,humano,219,1.0542,15.321
tesis-138593,tesis_extra,humano,151,0.9897,14.1
tesis-147627,tesis_extra,humano,207,0.9398,9.815
tesis-108859,tesis_extra,humano,127,1.1101,27.834
tesis-145170,tesis_extra,humano,215,1.0487,23.3
tesis-136848,tesis_extra,humano,122,0.9449,13.706
tesis-117136,tesis_extra,humano,193,0.9964,16.077
tesis-170378,tesis_extra,humano,126,0.9348,12.905
tesis-117188,tesis_extra,humano,143,0.9575,13.148
tesis-171016,tesis_extra,humano,176,0.9486,16.958
tesis-145240,tesis_extra,humano,126,1.0114,26.79
tesis-170093,tesis_extra,humano,133,1.0673,18.948
tesis-113732,tesis_extra,humano,216,0.9523,12.279
tesis-145833,tesis_extra,humano,129,0.9995,14.752
tesis-115168,tesis_extra,humano,218,0.9719,18.551
tesis-152221,tesis_extra,humano,172,0.8653,10.747
tesis-135482,tesis_extra,humano,44,0.9214,15.626
tesis-138608,tesis_extra,humano,175,0.9414,14.724
tesis-117636,tesis_extra,humano,212,1.0054,23.005
tesis-151145,tesis_extra,humano,180,0.9272,9.875
tesis-117140,tesis_extra,humano,200,0.9687,17.186
tesis-171025,tesis_extra,humano,154,0.9417,11.408
tesis-117416,tesis_extra,humano,137,0.9613,12.644
tesis-171038,tesis_extra,humano,218,0.9813,15.395
tesis-138160,tesis_extra,humano,178,0.9956,13.763
tesis-132544,tesis_extra,humano,135,0.9466,11.61
tesis-108532,tesis_extra,humano,140,0.9534,13.88
tesis-173322,tesis_extra,humano,138,0.9471,14.589
tesis-152294,tesis_extra,humano,161,0.9632,19.12
tesis-133741,tesis_extra,humano,213,0.96,14.519
tesis-142173,tesis_extra,humano,198,0.9904,15.825
tesis-132168,tesis_extra,humano,123,0.9597,19.091
tesis-113783,tesis_extra,humano,178,0.9388,12.317
tesis-116215,tesis_extra,humano,201,0.9758,13.99
tesis-170769,tesis_extra,humano,184,0.9451,10.893
tesis-144126,tesis_extra,humano,206,1.01,14.044
tesis-139871,tesis_extra,humano,215,1.0046,12.034
tesis-179152,tesis_extra,humano,220,0.9758,11.847
tesis-181346,tesis_extra,humano,197,0.9582,11.241
tesis-140963,tesis_extra,humano,203,0.9606,13.761
tesis-178114,tesis_extra,humano,218,0.964,15.001
tesis-170852,tesis_extra,humano,207,1.0072,12.424
tesis-165608,tesis_extra,humano,201,0.9989,12.337
tesis-168563,tesis_extra,humano,211,1.0086,13.299
tesis-143312,tesis_extra,humano,202,0.9929,12.353
tesis-159549,tesis_extra,humano,210,0.9893,9.818
tesis-176624,tesis_extra,humano,212,1.0065,13.867
tesis-168055,tesis_extra,humano,193,0.9332,12.972
tesis-143644,tesis_extra,humano,203,0.9672,8.478
tesis-181212,tesis_extra,humano,215,1.0446,17.142
tesis-143633,tesis_extra,humano,180,0.9011,11.069
tesis-115387,tesis_extra,humano,218,1.0222,18.939
tesis-147498,tesis_extra,humano,213,0.9675,16.219
tesis-113791,tesis_extra,humano,216,1.0044,9.94
tesis-147390,tesis_extra,humano,204,0.9055,11.175
tesis-139851,tesis_extra,humano,207,1.0727,16.752
tesis-131771,tesis_extra,humano,206,1.0774,16.093
tesis-178117,tesis_extra,humano,163,1.0451,14.436
tesis-137116,tesis_extra,humano,205,1.0306,14.686
tesis-173380,tesis_extra,humano,192,0.9551,11.27
tesis-147493,tesis_extra,humano,188,1.0924,16.55
tesis-102050,tesis_extra,humano,203,0.9958,11.572
tesis-180273,tesis_extra,humano,200,0.9639,11.955
tesis-147365,tesis_extra,humano,200,0.9601,11.848
tesis-137697,tesis_extra,humano,176,0.9975,11.345
tesis-140822,tesis_extra,humano,214,1.0033,16.052
tesis-116441,tesis_extra,humano,201,0.9759,11.824
tesis-176015,tesis_extra,humano,205,0.9898,11.922
tesis-168374,tesis_extra,humano,186,0.9385,12.496
tesis-164030,tesis_extra,humano,216,0.9669,11.449
tesis-116343,tesis_extra,humano,125,0.9825,10.707
tesis-114311,tesis_extra,humano,206,0.9468,13.611
tesis-140479,tesis_extra,humano,216,0.9772,14.038
tesis-176995,tesis_extra,humano,202,1.0226,10.733
tesis-176401,tesis_extra,humano,208,1.0292,8.802
tesis-139917,tesis_extra,humano,220,0.9631,18.334
tesis-170444,tesis_extra,humano,181,1.0291,12.031
tesis-170509,tesis_extra,humano,184,0.9455,10.471
tesis-167723,tesis_extra,humano,202,0.9864,6.51
tesis-132338,tesis_extra,humano,211,1.0202,13.125
tesis-180518,tesis_extra,humano,203,0.997,14.115
tesis-171501,tesis_extra,humano,193,0.9685,14.784
tesis-174189,tesis_extra,humano,208,1.027,10.14
tesis-113085,tesis_extra,humano,217,0.9014,8.386
tesis-144739,tesis_extra,humano,180,0.8882,9.843
tesis-172927,tesis_extra,humano,212,0.9842,12.53
tesis-148204,tesis_extra,humano,205,0.9744,10.032
tesis-152300,tesis_extra,humano,213,1.0006,14.574
tesis-179110,tesis_extra,humano,216,0.9697,10.707
tesis-173491,tesis_extra,humano,186,0.9581,10.695
tesis-115399,tesis_extra,humano,200,1.0035,12.247
tesis-175113,tesis_extra,humano,211,0.9519,12.658
tesis-137326,tesis_extra,humano,215,0.9628,16.129
tesis-116866,tesis_extra,humano,205,0.9698,10.967
tesis-384,tesis_extra,humano,159,1.0678,18.149
tesis-173823,tesis_extra,humano,204,1.0518,12.895
tesis-131636,tesis_extra,humano,175,0.9706,12.805
tesis-133269,tesis_extra,humano,121,1.0206,14.438
tesis-152129,tesis_extra,humano,210,0.9908,14.664
tesis-146131,tesis_extra,humano,213,0.9023,9.323
tesis-144711,tesis_extra,humano,179,0.9527,10.162
tesis-143520,tesis_extra,humano,198,0.9345,9.495
tesis-149556,tesis_extra,humano,193,0.9388,10.53
tesis-111981,tesis_extra,humano,177,0.9473,11.052
tesis-135048,tesis_extra,humano,204,0.9631,13.246
tesis-105734,tesis_extra,humano,205,0.945,10.361
tesis-178989,tesis_extra,humano,202,0.8927,12.768
tesis-172911,tesis_extra,humano,218,0.9797,11.607
tesis-176102,tesis_extra,humano,207,1.0065,13.32
tesis-168244,tesis_extra,humano,179,0.9006,10.631
tesis-181081,tesis_extra,humano,211,0.8673,5.92
tesis-138672,tesis_extra,humano,191,0.9236,12.545
tesis-181241,tesis_extra,humano,195,1.0076,11.259
tesis-718,tesis_extra,humano,198,0.9708,7.995
tesis-108818,tesis_extra,humano,123,0.8786,10.638
tesis-112164,tesis_extra,humano,186,0.9592,8.927
tesis-145924,tesis_extra,humano,207,0.9965,12.968
tesis-168125,tesis_extra,humano,177,0.9598,13.589
tesis-178157,tesis_extra,humano,209,0.9691,11.308
tesis-181176,tesis_extra,humano,217,0.9204,12.027
tesis-146603,tesis_extra,humano,206,0.9563,10.969
ia-tesis-112597,gemelos,ia,198,0.9781,12.204
ia-tesis-135359,gemelos,ia,209,0.9598,10.591
ia-tesis-131929,gemelos,ia,214,0.908,9.068
ia-tesis-177706,gemelos,ia,192,0.9702,12.432
ia-tesis-146919,gemelos,ia,207,0.9185,9.96
ia-tesis-151568,gemelos,ia,143,0.9154,8.809
ia-tesis-180477,gemelos,ia,184,0.8667,6.903
ia-tesis-152733,gemelos,ia,171,0.905,12.338
ia-tesis-111897,gemelos,ia,202,0.9846,12.736
ia-tesis-170194,gemelos,ia,149,1.0002,14.134
ia-tesis-146284,gemelos,ia,215,0.9086,8.831
ia-tesis-159570,gemelos,ia,206,0.9568,11.798
ia-tesis-137416,gemelos,ia,198,0.905,10.033
ia-tesis-169955,gemelos,ia,202,0.938,11.781
ia-tesis-151535,gemelos,ia,171,0.8825,8.712
ia-tesis-114305,gemelos,ia,214,0.8833,10.541
ia-tesis-136306,gemelos,ia,209,0.8605,7.873
ia-tesis-133241,gemelos,ia,187,0.947,7.75
ia-tesis-137595,gemelos,ia,203,0.9075,8.306
ia-tesis-107871,gemelos,ia,169,0.7616,7.412
ia-tesis-133872,gemelos,ia,201,0.854,9.998
ia-tesis-108700,gemelos,ia,150,0.9582,9.99
ia-tesis-152396,gemelos,ia,192,0.854,11.225
ia-tesis-114473,gemelos,ia,170,0.8431,8.456
ia-tesis-143778,gemelos,ia,165,0.8703,9.376
ia-tesis-139857,gemelos,ia,136,0.8318,10.991
ia-tesis-175220,gemelos,ia,197,0.9148,11.368
ia-tesis-111999,gemelos,ia,213,0.8792,6.951
ia-tesis-176186,gemelos,ia,202,0.9556,9.781
ia-tesis-159555,gemelos,ia,211,1.006,13.652
ia-tesis-514,gemelos,ia,210,0.9344,9.219
ia-tesis-115488,gemelos,ia,219,0.8941,10.387
ia-tesis-171543,gemelos,ia,195,0.9222,10.438
ia-tesis-180657,gemelos,ia,154,0.8884,6.794
ia-tesis-115562,gemelos,ia,209,0.8263,7.432
ia-tesis-130334,gemelos,ia,192,0.9055,9.379
ia-tesis-181187,gemelos,ia,215,0.8494,7.882
ia-tesis-167823,gemelos,ia,139,0.8323,9.533
ia-tesis-137437,gemelos,ia,198,0.8311,8.055
ia-tesis-140958,gemelos,ia,219,0.9051,8.402
salamandra-tesis-164030,salamandra,ia,192,0.7632,4.333
salamandra-tesis-106729,salamandra,ia,175,0.8112,6.577
salamandra-tesis-149079,salamandra,ia,126,0.8547,5.092
salamandra-tesis-167723,salamandra,ia,142,0.8382,6.263
salamandra-tesis-146203,salamandra,ia,127,0.7545,6.592
salamandra-tesis-170706,salamandra,ia,121,0.7608,5.961
salamandra-tesis-138497,salamandra,ia,144,0.6854,4.527
salamandra-tesis-173322,salamandra,ia,194,0.8292,6.07
salamandra-tesis-141401,salamandra,ia,116,0.7257,6.155
salamandra-tesis-168055,salamandra,ia,136,0.8071,6.342
salamandra-tesis-181241,salamandra,ia,178,0.8432,5.655
salamandra-tesis-139927,salamandra,ia,186,0.7936,4.719
salamandra-tesis-146131,salamandra,ia,132,0.7547,7.151
salamandra-tesis-175113,salamandra,ia,187,0.7583,3.71
salamandra-tesis-116790,salamandra,ia,139,0.6212,4.88
salamandra-tesis-152129,salamandra,ia,162,0.7748,4.932
salamandra-tesis-116343,salamandra,ia,119,0.8568,7.611
salamandra-tesis-148794,salamandra,ia,150,0.7218,4.662
salamandra-tesis-180709,salamandra,ia,111,0.8235,6.662
salamandra-tesis-102050,salamandra,ia,119,0.7589,5.182
salamandra-tesis-172659,salamandra,ia,184,0.8349,6.431
salamandra-tesis-144711,salamandra,ia,151,0.8182,6.227
salamandra-tesis-147378,salamandra,ia,145,0.7732,4.363
salamandra-tesis-139851,salamandra,ia,159,0.9206,6.364
salamandra-tesis-143644,salamandra,ia,118,0.7542,7.376
salamandra-tesis-148805,salamandra,ia,131,0.7873,8.323
salamandra-tesis-151547,salamandra,ia,110,0.7294,4.393
salamandra-tesis-144126,salamandra,ia,144,0.7498,4.887
salamandra-tesis-114456,salamandra,ia,110,0.6393,3.351
salamandra-tesis-137390,salamandra,ia,114,0.7579,6.995
salamandra-tesis-139917,salamandra,ia,189,0.6939,4.786
salamandra-tesis-111581,salamandra,ia,114,0.8143,7.3
salamandra-tesis-113791,salamandra,ia,101,0.7493,6.815
salamandra-tesis-178157,salamandra,ia,113,0.8604,7.051
salamandra-tesis-106759,salamandra,ia,149,0.6648,4.423
salamandra-tesis-112522,salamandra,ia,112,0.8548,7.732
salamandra-tesis-167910,salamandra,ia,123,0.8492,6.678
salamandra-tesis-140822,salamandra,ia,127,0.7549,4.607
salamandra-tesis-171501,salamandra,ia,129,0.9588,9.325
salamandra-tesis-137433,salamandra,ia,132,0.7835,6.907
